USE CabinetStomatologic
GO

-- SECTII
INSERT INTO Sectii(Denumire, NumarMedici)
VALUES('Chirurgie', 3),
		('Ortodontie', 4),
		('Endodontie', 2),
		('Parodontologie', 1),
		('Pedodontie', 2);

--MEDICI
INSERT INTO Medici(Nume, Prenume, Telefon, Sectie)
VALUES('Zimbran', 'Mihai', '0711223344', 1),
		('Pop', 'Ilinca', '0711232345', 1),
		('Popescu', 'Andrei', '0799885643', 1),
		('Munteanu', 'Alexia', '0755341234', 2),
		('Marinescu', 'Gheorghe', '0743625362', 2),
		('Stanciu', 'Gloria', '0707070707', 2),
		('Moldovan', 'Bogdan', '0711223344', 2),
		('Dobre', 'Oana', '0789988998', 3),
		('Toma', 'Cristian', '0723122345', 3),
		('Lin', 'Denisa', '0712121212', 4),
		('Cristea', 'Ovidiu', '0756897423', 5),
		('Popa', 'Andreea', '0719235467', 5);

--ASISTENTI
INSERT INTO Asistenti(Nume, Prenume, Telefon, Medic)
VALUES('Radu', 'Bianca', '0786564636', 1),
		('Iordache', 'Florin', '0789898999', 1),
		('Ene', 'Sorina', '0781234567', 2),
        ('Stoica', 'Dan', '0782345678', 3),
        ('Cernat', 'Alina', '0783456789', 4),
        ('Munteanu', 'Victor', '0784567890', 5),
        ('Apostol', 'Gabriela', '0785678901', 6),
        ('Cojocaru', 'Iulian', '0786789012', 6),
        ('Toma', 'Lavinia', '0787890123', 7),
        ('Neagu', 'Mircea', '0788901234', 8),
        ('Pavel', 'Roxana', '0789012345', 9),
        ('Roman', 'George', '0789123456', 9),
        ('Sava', 'Nicoleta', '0789234567', 10),
        ('Petcu', 'Darius', '0789345678', 11),
        ('Mihailescu', 'Teodora', '0789456789', 12),
        ('Grigorescu', 'Raul', '0789567890', 12);

--STUDENTI
INSERT INTO Studenti(Nume, Prenume, Telefon, Practica, AnAcademic, Universitate, Asistent)
VALUES('Popa', 'Andreea', '0781111222', 'Chirurgie', 5, 'UMFCD', 1),
       ('Vasilescu', 'Marian', '0782221333', 'Chirurgie', 5, 'UMFIH', 1),
       ('Dima', 'Larisa', '0783331444', 'Chirurgie', 4, 'UMFCD', 1),
       ('Iliescu', 'Razvan', '0784441555', 'Chirurgie', 4, 'UMFIH', 2),
       ('Simion', 'Mirela', '0785551666', 'Chirurgie', 6, 'UMFCD', 2),
       ('Petrescu', 'Sergiu', '0786661777', 'Chirurgie', 6, 'UMFIH', 3),
       ('Anton', 'Cristina', '0787771888', 'Chirurgie', 5, 'UMFCD', 4),
       ('Baciu', 'Florina', '0788881999', 'Chirurgie', 6, 'UMFIH', 4),
       ('Stan', 'Claudiu', '0789992000', 'Chirurgie', 4, 'UMFCD', 4),

       ('Marinescu', 'Anca', '0780002111', 'Ortodontie', 3, 'UMFST', 5),
       ('Diaconu', 'Gabriel', '0781112222', 'Ortodontie', 4, 'UMFCD', 6),
       ('Enache', 'Daniela', '0782222333', 'Ortodontie', 4, 'UMFST', 7),
       ('Voinea', 'Costin', '0783332444', 'Ortodontie', 5, 'UMFCD', 8),
       ('Constantin', 'Ruxandra', '0784442555', 'Ortodontie', 6, 'UMFST', 9),

       ('Georgescu', 'Adrian', '0785552666', 'Endodontie', 4, 'UMFVB', 10),
       ('Cristea', 'Liliana', '0786662777', 'Endodontie', 5, 'UMFVB', 11),
       ('Dragomir', 'Marius', '0787772888', 'Endodontie', 5, 'UMFVB', 11),
       ('Sima', 'Paula', '0788882999', 'Endodontie', 6, 'UMFVB', 12),
       ('Radu', 'Vlad', '0789992111', 'Endodontie', 6, 'UMFVB', 12),

       ('Moraru', 'Ileana', '0780002333', 'Parodontologie', 4, 'UMFIH', 13),

       ('Ciobanu', 'Cosmin', '0781112444', 'Pedodontie', 3, 'UMFIH', 14),
       ('Anghel', 'Silvia', '0782222555', 'Pedodontie', 4, 'UMFIH', 15),
       ('Dobre', 'Lucian', '0783332666', 'Pedodontie', 6, 'UMFIH', 16),
       ('Filip', 'Otilia', '0784442777', 'Pedodontie', 5, 'UMFIH', 16);

--PACIENTI
INSERT INTO Pacienti(Nume, Prenume, Telefon, Email, Adresa)
VALUES('García', 'Miguel', '0781234567', 'miguel.garcia@email.com', 'Calea Moților 15'),
       ('Martínez', 'Lucía', '0782345678', 'lucia.martinez@email.com', 'Bulevardul Eroilor 30'),
       ('López', 'Carlos', '0783456789', 'carlos.lopez@email.com', 'Strada Horea 10'),
       ('Sánchez', 'María', '0784567890', 'maria.sanchez@email.com', 'Strada Cărămidăriei 25'),
       ('Pérez', 'Juan', '0785678901', 'juan.perez@email.com', 'Calea Someșului 100'),
       ('González', 'Ana', '0786789012', 'ana.gonzalez@email.com', 'Bulevardul 21 Decembrie 1989 50'),
       ('Rodríguez', 'José', '0787890123', 'jose.rodriguez@email.com', 'Strada Avram Iancu 60'),
       ('Fernández', 'Carmen', '0788901234', 'carmen.fernandez@email.com', 'Strada Baladei 5'),
       ('Gómez', 'Luis', '0789012345', 'luis.gomez@email.com', 'Calea Florești 20'),
       ('Ruiz', 'Laura', '0789123456', 'laura.ruiz@email.com', 'Bulevardul Nicolae Titulescu 30'),
       ('Díaz', 'Alberto', '0789234567', 'alberto.diaz@email.com', 'Strada Măceșului 45'),
       ('Moreno', 'Isabel', '0789345678', 'isabel.moreno@email.com', 'Calea Turzii 4'),
       ('Hernández', 'Raúl', '0789456789', 'raul.hernandez@email.com', 'Strada Răsăritului 120'),
       ('Jiménez', 'Pilar', '0789567890', 'pilar.jimenez@email.com', 'Bulevardul Muncii 9'),
       ('Álvarez', 'Manuel', '0789678901', 'manuel.alvarez@email.com', 'Strada Căpitan Grigore 80'),
       ('Castro', 'Sandra', '0789789012', 'sandra.castro@email.com', 'Calea Baciului 22'),
       ('Ortiz', 'Roberto', '0789890123', 'roberto.ortiz@email.com', 'Strada Dorobanților 35'),
       ('Ramírez', 'Cristina', '0789901234', 'cristina.ramirez@email.com', 'Calea Moților 55'),
       ('Romero', 'Francisco', '0789912345', 'francisco.romero@email.com', 'Strada Făgetului 17'),
       ('Serrano', 'Elena', '0789923456', 'elena.serrano@email.com', 'Calea Someșului 99'),
       ('Blanco', 'David', '0789934567', 'david.blanco@email.com', 'Bulevardul Eroilor 60'),
       ('Molina', 'Marta', '0789945678', 'marta.molina@email.com', 'Strada Avram Iancu 8'),
       ('Delgado', 'Javier', '0789956789', 'javier.delgado@email.com', 'Calea Florești 23'),
       ('Castillo', 'Patricia', '0789967890', 'patricia.castillo@email.com', 'Strada Răsăritului 70'),
       ('Gil', 'Andrés', '0789978901', 'andres.gil@email.com', 'Bulevardul 21 Decembrie 1989 99'),
       ('Iglesias', 'Verónica', '0789989012', 'veronica.iglesias@email.com', 'Strada Măceșului 10'),
       ('Santos', 'Fernando', '0789990123', 'fernando.santos@email.com', 'Calea Turzii 88'),
       ('Vargas', 'Rosa', '0780001234', 'rosa.vargas@email.com', 'Calea Moților 45'),
       ('Torres', 'Joaquín', '0781112345', 'joaquin.torres@email.com', 'Bulevardul Eroilor 15'),
       ('Peña', 'Adriana', '0782223456', 'adriana.pena@email.com', 'Strada Horea 200');

--INCAPERI
INSERT INTO Incaperi(Etaj)
VALUES(0),
		(0),
		(0),
		(0),
		(1),
		(1),
		(1),
		(1),
		(2),
		(2),
		(2),
		(2);

--INGRIJITORI
INSERT INTO Ingrijitori(IDIngrijitor, Nume, Prenume)
VALUES(1, 'Smith', 'James'),
		(2, 'Johnson', 'Emily'),
		(3, 'Brown', 'Michael'),
		(4, 'Williams', 'Jessica'),
		(5, 'Jones', 'Daniel'),
		(6, 'Davis', 'Sarah'),
		(7, 'Miller', 'Christopher'),
		(8, 'Wilson', 'Olivia'),
		(9, 'Taylor', 'Matthew'),
		(10, 'Anderson', ' Sophia'),
		(11, 'Thomas', 'Joshua'),
		(12, 'Jackson', 'Isabella')

--PROGRAMARI
INSERT INTO Programari(DataProgramare, Ora, Medic, Pacient, Incapere)
VALUES('2024-10-26', '09:15:00', 1, 1, 1),
		('2024-10-26', '09:30:00', 2, 2, 2),
		('2024-10-27', '09:45:00', 3, 3, 3),
		('2024-10-27', '10:00:00', 4, 4, 4),
		('2024-11-01', '10:15:00', 5, 5, 5),
		('2024-11-01', '10:30:00', 6, 6, 6),
		('2024-11-02', '10:45:00', 7, 7, 7),
		('2024-11-02', '11:00:00', 8, 8, 8),
		('2024-11-05', '11:15:00', 9, 9, 9),
		('2024-11-05', '11:30:00', 10, 10, 10),
		('2024-11-06', '11:45:00', 11, 11, 11),
		('2024-11-06', '12:00:00', 12, 12, 12),
		('2024-11-10', '12:15:00', 1, 13, 1),
		('2024-11-10', '12:30:00', 2, 14, 2),
		('2024-11-11', '12:45:00', 3, 15, 3),
		('2024-11-11', '13:00:00', 4, 16, 4),
		('2024-11-15', '13:15:00', 5, 17, 5),
		('2024-11-15', '13:30:00', 6, 18, 6),
		('2024-11-20', '13:45:00', 7, 19, 7),
		('2024-11-20', '14:00:00', 8, 20, 8),
		('2024-11-25', '14:15:00', 9, 21, 9),
		('2024-11-25', '14:30:00', 10, 22, 10),
		('2024-11-30', '14:45:00', 11, 23, 11),
		('2024-11-30', '15:00:00', 12, 24, 12),
		('2024-12-01', '15:15:00', 1, 25, 1),
		('2024-12-01', '15:30:00', 2, 26, 2),
		('2024-12-02', '15:45:00', 3, 27, 3),
		('2024-12-02', '16:00:00', 4, 28, 4),
		('2024-12-05', '16:15:00', 5, 29, 5),
		('2024-12-05', '16:30:00', 6, 30, 6)

--TRATAMENTE
INSERT INTO Tratamente(Denumire, Pret, DurataMinute, Programare)
VALUES('Detartraj', 250, 45, 1),
		('Implant', 2000, 120, 2),
		('Aparat dentar', 1500, 90, 2),
		('Detartraj', 250, 45, 3),
		('Albire', 500, 60, 3),
		('Aparat dentar', 1500, 90, 4),
		('Proteză dentară', 1000, 60, 4),
		('Detartraj', 250, 45, 5),
		('Albire', 500, 60, 5),
		('Obturatie', 300, 30, 5),
		('Proteză dentară', 1000, 60, 6),
		('Detartraj', 250, 45, 7),
		('Albire', 500, 60, 7),
		('Implant', 2000, 120, 8),
		('Aparat dentar', 1500, 90, 8),
		('Proteză dentară', 1000, 60, 8),
		('Obturatie', 300, 30, 9),
		('Proteză dentară', 1000, 60, 10),
		('Albire', 500, 60, 11),
		('Obturatie', 300, 30, 11),
		('Proteză dentară', 1000, 60, 12),
		('Obturatie', 300, 30, 13),
		('Aparat dentar', 1500, 90, 14),
		('Proteză dentară', 1000, 60, 14),
		('Obturatie', 300, 30, 15),
		('Implant', 2000, 120, 16),
		('Aparat dentar', 1500, 90, 16),
		('Proteză dentară', 1000, 60, 16),
		('Detartraj', 250, 45, 17),
		('Albire', 500, 60, 17),
		('Obturatie', 300, 30, 17),
		('Implant', 2000, 120, 18),
		('Aparat dentar', 1500, 90, 18),
		('Proteză dentară', 1000, 60, 18),
		('Detartraj', 250, 45, 19),
		('Albire', 500, 60, 19),
		('Obturatie', 300, 30, 19),
		('Aparat dentar', 1500, 90, 20),
		('Proteză dentară', 1000, 60, 20),
		('Obturatie', 300, 30, 21),
		('Proteză dentară', 1000, 60, 22),
		('Obturatie', 300, 30, 23),
		('Proteză dentară', 1000, 60, 24),
		('Obturatie', 300, 30, 25),
		('Aparat dentar', 1500, 90, 26),
		('Proteză dentară', 1000, 60, 26),
		('Obturatie', 300, 30, 27),
		('Aparat dentar', 1500, 90, 28),
		('Proteză dentară', 1000, 60, 28),
		('Obturatie', 300, 30, 29),
		('Implant', 2000, 120, 30)

--APARATE

INSERT INTO Aparate(Denumire, Tratament)
VALUES('Unit dentar', 1),
		('Lampa de fotopolimerizare', 1),
		('Aparat de detartraj', 2),
		('Aparat de radiografie dentară', 2),
		('Aparat de albire dentară', 3),
		('Turbine dentare', 3),
		('Aparat de endodonție', 4),
		('Aparat de profilaxie', 4),
		('Mixer de amestecare', 5),
		('Aparat de sutură', 6),
		('Aparat de îngrijire a gingiilor', 6),
		('Aparat de îndreptare a dinților', 7),
		('Mașină de compresie', 7),
		('Aparat de sterilizare', 8),
		('Roboțel de curățare', 8),
		('Cameră intraorală', 9),
		('Freză dentară', 9),
		('Aparat de obturatie', 10),
		('Aparat de implantologie', 10),
		('Aparat de tratament ortodontic', 11),
		('Aparat de cavitate dentară', 11),
		('Aparat de detartraj ultrasonic', 12),
		('Autoclave', 12),
		('Lampa de sterilizare', 13),
		('Instrumente manuale de chirurgie', 13),
		('Generator de aerosoli', 14),
		('Aparat de igienizare profesională', 14),
		('Aparat de detartraj cu apă', 15),
		('Sistem de aspirare', 15),
		('Aparat de amalgamare', 16),
		('Sisteme de vacuum', 16),
		('Mașină de amestecare a materialelor', 17),
		('Freză de tăiere', 17),
		('Aparat de detartraj cu vibrații', 18),
		('Aparat de radiografie digitală', 18),
		('Unitate de răcire', 19),
		('Aparat de laminare a plăcilor dentare', 19),
		('Aparat de analiză a mușcăturii', 20),
		('Aparat de scanning intraoral', 20),
		('Sisteme de căldură pentru tratamente', 21),
		('Aparat de modelare a materialelor dentare', 21),
		('Aparat de izolare a câmpului de lucru', 22),
		('Instrument de injecție', 22),
		('Aparat de anestezie', 23),
		('Aparat de răcire cu aer', 23),
		('Lampa de curățare', 24),
		('Aparat de monitorizare a pacientului', 24),
		('Aparat de protezare', 25),
		('Aparat de polimerizare', 25),
		('Scaun de examinare', 26),
		('Aparat de igienă dentară', 26),
		('Freză dentară', 27),
		('Cameră de observare', 27),
		('Unitate de detartraj', 28),
		('Aparat de albire cu laser', 28),
		('Aparat de asistență dentară', 29),
		('Lampa de sterilizare UV', 29),
		('Aparat de manipulare a dinților', 30),
		('Aparat de profilaxie automată', 30),
		('Aparat de îndreptare a dinților', 31),
		('Mașină de compresie', 31),
		('Aparat de sterilizare', 32),
		('Roboțel de curățare', 32),
		('Cameră intraorală', 33),
		('Freză dentară', 34),
		('Aparat de obturatie', 34),
		('Aparat de implantologie', 34),
		('Aparat de tratament ortodontic', 35),
		('Aparat de cavitate dentară', 36),
		('Aparat de detartraj ultrasonic', 36),
		('Autoclave', 37),
		('Lampa de sterilizare', 37),
		('Instrumente manuale de chirurgie', 38),
		('Generator de aerosoli', 39),
		('Aparat de igienizare profesională', 40),
		('Aparat de detartraj cu apă', 40),
		('Sistem de aspirare', 41),
		('Aparat de amalgamare', 41),
		('Sisteme de vacuum', 42),
		('Mașină de amestecare a materialelor', 42),
		('Freză de tăiere', 43),
		('Aparat de detartraj cu vibrații', 44),
		('Aparat de radiografie digitală', 45),
		('Unitate de răcire', 46),
		('Lampa de fotopolimerizare', 47),
		('Aparat de detartraj', 47),
		('Aparat de radiografie dentară', 47),
		('Aparat de albire dentară', 48),
		('Turbine dentare', 49),
		('Aparat de endodonție', 50),
		('Aparat de profilaxie', 50),
		('Mixer de amestecare', 50),
		('Aparat de sutură', 51)
